{"cameraMode":{"drawMode":0,"name":"Shaded","section":"Shading Mode"},"sceneLighting":true,"audioPlay":false,"sceneViewState":{"showFog":true,"showMaterialUpdate":false,"showSkybox":true,"showFlares":true,"showImageEffects":true,"showParticleSystems":true,"showVisualEffectGraphs":true,"m_FxEnabled":true},"in2DMode":false,"pivot":{"x":23.675899505615236,"y":-3.3743953704833986,"z":125.62509155273438},"rotation":{"x":0.026901554316282274,"y":0.08387074619531632,"z":-0.0022633844055235388,"w":0.9961230754852295},"size":77.64839172363281,"orthographic":false}