{"cameraMode":{"drawMode":0,"name":"Shaded","section":"Shading Mode"},"sceneLighting":true,"audioPlay":false,"sceneViewState":{"showFog":true,"showMaterialUpdate":false,"showSkybox":true,"showFlares":true,"showImageEffects":true,"showParticleSystems":true,"showVisualEffectGraphs":true,"m_FxEnabled":true},"in2DMode":false,"pivot":{"x":-2.5132389068603517,"y":-0.4222545623779297,"z":37.468772888183597},"rotation":{"x":0.2656022310256958,"y":0.09956004470586777,"z":-0.02758963406085968,"w":0.9585378766059876},"size":17.606101989746095,"orthographic":false}