{"cameraMode":{"drawMode":0,"name":"Shaded","section":"Shading Mode"},"sceneLighting":true,"audioPlay":false,"sceneViewState":{"showFog":true,"showMaterialUpdate":false,"showSkybox":true,"showFlares":true,"showImageEffects":true,"showParticleSystems":true,"showVisualEffectGraphs":true,"m_FxEnabled":true},"in2DMode":false,"pivot":{"x":14.60440444946289,"y":-200.495849609375,"z":207.29751586914063},"rotation":{"x":0.37031856179237368,"y":0.044557906687259677,"z":-0.01778709888458252,"w":0.9276705384254456},"size":168.71157836914063,"orthographic":false}