{"cameraMode":{"drawMode":0,"name":"Shaded","section":"Shading Mode"},"sceneLighting":true,"audioPlay":false,"sceneViewState":{"showFog":true,"showMaterialUpdate":false,"showSkybox":true,"showFlares":true,"showImageEffects":true,"showParticleSystems":true,"showVisualEffectGraphs":true,"m_FxEnabled":true},"in2DMode":false,"pivot":{"x":271.6113586425781,"y":346.7681884765625,"z":405.0462341308594},"rotation":{"x":-0.09317421168088913,"y":-0.0008989733760245144,"z":0.00008408133726334199,"w":-0.9956494569778442},"size":409.6918029785156,"orthographic":false}