{"cameraMode":{"drawMode":0,"name":"Shaded","section":"Shading Mode"},"sceneLighting":true,"audioPlay":false,"sceneViewState":{"showFog":true,"showMaterialUpdate":false,"showSkybox":true,"showFlares":true,"showImageEffects":true,"showParticleSystems":true,"showVisualEffectGraphs":true,"m_FxEnabled":true},"in2DMode":false,"pivot":{"x":-153.9793243408203,"y":-8.382488250732422,"z":289.96392822265627},"rotation":{"x":-0.024825826287269594,"y":0.2729926109313965,"z":-0.007047448307275772,"w":-0.9616700410842896},"size":161.80926513671876,"orthographic":false}